<?xml version="1.0" encoding="utf-8" ?>
<dwsync>
<file name=".gitignore" server="D:/xampp/htdocs/JozyTriangel/" local="131978114793034729" remote="131978114790000000" Dst="0" />
<file name=".travis.yml" server="D:/xampp/htdocs/JozyTriangel/" local="131978114793194738" remote="131978114790000000" Dst="0" />
<file name="bower.json" server="D:/xampp/htdocs/JozyTriangel/" local="131978114794774829" remote="131978114790000000" Dst="0" />
<file name="CHANGELOG.md" server="D:/xampp/htdocs/JozyTriangel/" local="131978114795154850" remote="131978114790000000" Dst="0" />
<file name="gulpfile.js" server="D:/xampp/htdocs/JozyTriangel/" local="131978114795314860" remote="131978114790000000" Dst="0" />
<file name="jquery.barrating.js" server="D:/xampp/htdocs/JozyTriangel/" local="131978114795654879" remote="131978114790000000" Dst="0" />
<file name="karma.conf.js" server="D:/xampp/htdocs/JozyTriangel/" local="131978114795804888" remote="131978114790000000" Dst="0" />
<file name="LICENSE.txt" server="D:/xampp/htdocs/JozyTriangel/" local="131978114796484926" remote="131978114790000000" Dst="0" />
<file name="package.json" server="D:/xampp/htdocs/JozyTriangel/" local="131978114796624934" remote="131978114790000000" Dst="0" />
<file name="README.md" server="D:/xampp/htdocs/JozyTriangel/" local="131978114799515100" remote="131978114790000000" Dst="0" />
</dwsync>