<?xml version="1.0" encoding="utf-8" ?>
<dwsync>
<file name="bars-1to10.less" server="D:/xampp/htdocs/JozyTriangel/" local="131978114841127480" remote="131978114840000000" Dst="0" />
<file name="bars-horizontal.less" server="D:/xampp/htdocs/JozyTriangel/" local="131978114848057876" remote="131978114840000000" Dst="0" />
<file name="bars-movie.less" server="D:/xampp/htdocs/JozyTriangel/" local="131978114848477900" remote="131978114840000000" Dst="0" />
<file name="bars-pill.less" server="D:/xampp/htdocs/JozyTriangel/" local="131978114849937984" remote="131978114840000000" Dst="0" />
<file name="bars-reversed.less" server="D:/xampp/htdocs/JozyTriangel/" local="131978114850137995" remote="131978114850000000" Dst="0" />
<file name="bars-square.less" server="D:/xampp/htdocs/JozyTriangel/" local="131978114852118108" remote="131978114850000000" Dst="0" />
<file name="bootstrap-stars.less" server="D:/xampp/htdocs/JozyTriangel/" local="131978114852458128" remote="131978114850000000" Dst="0" />
<file name="css-stars.less" server="D:/xampp/htdocs/JozyTriangel/" local="131978114853658197" remote="131978114850000000" Dst="0" />
<file name="fontawesome-stars-o.less" server="D:/xampp/htdocs/JozyTriangel/" local="131978114854968272" remote="131978114850000000" Dst="0" />
<file name="fontawesome-stars.less" server="D:/xampp/htdocs/JozyTriangel/" local="131978114854208228" remote="131978114850000000" Dst="0" />
<file name="mixins.less" server="D:/xampp/htdocs/JozyTriangel/" local="131978114855168283" remote="131978114850000000" Dst="0" />
<file name="variables.less" server="D:/xampp/htdocs/JozyTriangel/" local="131978114855318292" remote="131978114850000000" Dst="0" />
</dwsync>