<?xml version="1.0" encoding="utf-8" ?>
<dwsync>
<file name="antenna.png" server="D:/xampp/htdocs/JozyTriangel/" local="131978114830526874" remote="131978114830000000" Dst="0" />
<file name="antenna@2x.png" server="D:/xampp/htdocs/JozyTriangel/" local="131978114830696883" remote="131978114830000000" Dst="0" />
<file name="bars.png" server="D:/xampp/htdocs/JozyTriangel/" local="131978114830866893" remote="131978114830000000" Dst="0" />
<file name="bars@2x.png" server="D:/xampp/htdocs/JozyTriangel/" local="131978114831296918" remote="131978114830000000" Dst="0" />
<file name="github.png" server="D:/xampp/htdocs/JozyTriangel/" local="131978114831516930" remote="131978114830000000" Dst="0" />
<file name="github@2x.png" server="D:/xampp/htdocs/JozyTriangel/" local="131978114831906952" remote="131978114830000000" Dst="0" />
<file name="star.png" server="D:/xampp/htdocs/JozyTriangel/" local="131978114832096963" remote="131978114830000000" Dst="0" />
<file name="star@2x.png" server="D:/xampp/htdocs/JozyTriangel/" local="131978114833067019" remote="131978114830000000" Dst="0" />
</dwsync>